Student,Subject,Marks,Study_Hours,Attendance
S1,Math,44,1,95
S1,Physics,44,1,78
S1,Chemistry,47,3,76
S1,Biology,42,2,79
S1,English,43,2,80
S1,Computer,40,2,99
S2,Math,82,3,81
S2,Physics,93,4,95
S2,Chemistry,81,3,89
S2,Biology,76,6,74
S2,English,85,3,94
S2,Computer,95,5,87
S3,Math,87,6,70
S3,Physics,75,3,79
S3,Chemistry,91,5,77
S3,Biology,85,6,94
S3,English,83,6,87
S3,Computer,80,5,76
S4,Math,75,2,81
S4,Physics,58,3,99
S4,Chemistry,59,3,76
S4,Biology,60,4,89
S4,English,57,4,92
S4,Computer,74,4,94
S5,Math,58,2,73
S5,Physics,56,2,77
S5,Chemistry,64,3,92
S5,Biology,75,2,79
S5,English,69,2,84
S5,Computer,71,3,74
S6,Math,90,6,93
S6,Physics,87,6,84
S6,Chemistry,83,3,82
S6,Biology,79,6,88
S6,English,85,6,73
S6,Computer,81,3,99
S7,Math,88,3,74
S7,Physics,94,5,98
S7,Chemistry,81,5,96
S7,Biology,78,5,70
S7,English,95,6,76
S7,Computer,75,3,70
S8,Math,61,2,81
S8,Physics,72,3,77
S8,Chemistry,65,4,93
S8,Biology,65,4,84
S8,English,71,2,70
S8,Computer,61,4,98
S9,Math,64,4,87
S9,Physics,62,3,98
S9,Chemistry,65,2,90
S9,Biology,59,2,85
S9,English,74,2,70
S9,Computer,57,3,77
S10,Math,66,2,70
S10,Physics,66,4,73
S10,Chemistry,64,2,82
S10,Biology,71,4,86
S10,English,70,3,76
S10,Computer,56,4,79
S11,Math,75,6,100
S11,Physics,86,4,79
S11,Chemistry,88,3,76
S11,Biology,90,4,97
S11,English,91,5,75
S11,Computer,85,4,99
S12,Math,57,4,73
S12,Physics,65,3,75
S12,Chemistry,65,3,80
S12,Biology,75,2,82
S12,English,73,3,80
S12,Computer,75,3,87
S13,Math,75,6,98
S13,Physics,75,4,71
S13,Chemistry,91,5,75
S13,Biology,93,6,74
S13,English,76,3,74
S13,Computer,87,3,86
S14,Math,80,5,88
S14,Physics,94,6,74
S14,Chemistry,82,4,93
S14,Biology,75,6,73
S14,English,80,4,73
S14,Computer,79,5,86
S15,Math,58,3,93
S15,Physics,56,3,87
S15,Chemistry,71,4,72
S15,Biology,62,4,97
S15,English,71,4,86
S15,Computer,75,4,90
S16,Math,93,3,96
S16,Physics,78,4,80
S16,Chemistry,82,3,85
S16,Biology,87,6,95
S16,English,80,4,80
S16,Computer,95,4,86
S17,Math,42,3,84
S17,Physics,54,1,80
S17,Chemistry,47,2,87
S17,Biology,44,2,81
S17,English,45,2,80
S17,Computer,42,1,99
S18,Math,75,4,81
S18,Physics,57,2,94
S18,Chemistry,58,3,77
S18,Biology,58,3,89
S18,English,55,3,79
S18,Computer,72,4,77
S19,Math,75,4,78
S19,Physics,67,2,78
S19,Chemistry,61,2,92
S19,Biology,66,3,75
S19,English,73,4,70
S19,Computer,66,4,88
S20,Math,48,2,77
S20,Physics,53,1,87
S20,Chemistry,54,3,74
S20,Biology,49,3,89
S20,English,45,2,98
S20,Computer,52,2,79
S21,Math,84,3,89
S21,Physics,87,5,97
S21,Chemistry,91,5,90
S21,Biology,79,4,76
S21,English,79,3,90
S21,Computer,77,3,85
S22,Math,55,1,94
S22,Physics,44,2,82
S22,Chemistry,55,2,95
S22,Biology,47,1,80
S22,English,55,2,98
S22,Computer,44,1,91
S23,Math,73,4,82
S23,Physics,55,4,86
S23,Chemistry,75,2,83
S23,Biology,69,3,91
S23,English,71,3,85
S23,Computer,69,3,84
S24,Math,71,3,85
S24,Physics,72,2,94
S24,Chemistry,59,3,86
S24,Biology,61,3,98
S24,English,69,2,82
S24,Computer,63,4,79
S25,Math,46,1,98
S25,Physics,44,1,70
S25,Chemistry,53,2,87
S25,Biology,54,3,75
S25,English,47,2,90
S25,Computer,44,2,93
S26,Math,59,3,76
S26,Physics,56,2,92
S26,Chemistry,66,2,88
S26,Biology,59,2,84
S26,English,58,3,93
S26,Computer,66,3,75
S27,Math,46,1,71
S27,Physics,44,3,77
S27,Chemistry,53,1,86
S27,Biology,54,2,92
S27,English,43,2,78
S27,Computer,52,1,91
S28,Math,79,4,88
S28,Physics,86,5,99
S28,Chemistry,79,6,89
S28,Biology,87,6,84
S28,English,84,3,78
S28,Computer,89,4,83
S29,Math,53,3,78
S29,Physics,53,2,90
S29,Chemistry,46,2,95
S29,Biology,44,2,85
S29,English,49,2,92
S29,Computer,55,2,75
S30,Math,75,5,97
S30,Physics,75,5,85
S30,Chemistry,90,3,92
S30,Biology,87,4,72
S30,English,84,4,76
S30,Computer,86,3,84
S31,Math,56,2,94
S31,Physics,69,2,90
S31,Chemistry,69,3,77
S31,Biology,66,4,85
S31,English,55,2,72
S31,Computer,61,2,94
S32,Math,61,2,70
S32,Physics,69,4,76
S32,Chemistry,68,4,86
S32,Biology,63,4,73
S32,English,72,4,73
S32,Computer,66,3,89
S33,Math,89,4,91
S33,Physics,87,3,93
S33,Chemistry,87,6,88
S33,Biology,92,5,99
S33,English,85,3,83
S33,Computer,80,6,96
S34,Math,68,2,85
S34,Physics,58,3,91
S34,Chemistry,70,3,83
S34,Biology,70,4,80
S34,English,64,4,90
S34,Computer,64,3,82
S35,Math,41,3,97
S35,Physics,48,3,79
S35,Chemistry,54,3,89
S35,Biology,50,3,94
S35,English,46,1,97
S35,Computer,43,1,73
S36,Math,83,4,90
S36,Physics,87,4,79
S36,Chemistry,80,5,76
S36,Biology,89,4,75
S36,English,92,5,94
S36,Computer,93,4,79
S37,Math,43,1,99
S37,Physics,45,2,79
S37,Chemistry,44,3,86
S37,Biology,51,3,89
S37,English,45,3,71
S37,Computer,53,3,73
S38,Math,42,1,75
S38,Physics,45,3,87
S38,Chemistry,47,3,86
S38,Biology,48,1,74
S38,English,48,2,89
S38,Computer,46,2,100
S39,Math,55,3,71
S39,Physics,42,2,80
S39,Chemistry,42,2,84
S39,Biology,54,2,96
S39,English,47,1,86
S39,Computer,43,1,76
S40,Math,73,2,84
S40,Physics,73,4,75
S40,Chemistry,71,3,96
S40,Biology,66,3,78
S40,English,67,2,74
S40,Computer,60,2,70
S41,Math,58,4,81
S41,Physics,67,4,83
S41,Chemistry,69,4,95
S41,Biology,59,4,83
S41,English,65,3,71
S41,Computer,56,3,80
S42,Math,79,6,87
S42,Physics,81,4,76
S42,Chemistry,82,5,94
S42,Biology,80,3,78
S42,English,92,4,86
S42,Computer,88,6,80
S43,Math,58,3,70
S43,Physics,66,4,71
S43,Chemistry,71,3,83
S43,Biology,61,3,76
S43,English,72,2,97
S43,Computer,55,3,100
S44,Math,89,4,77
S44,Physics,76,6,95
S44,Chemistry,80,3,97
S44,Biology,78,6,84
S44,English,88,6,74
S44,Computer,90,5,92
S45,Math,75,4,95
S45,Physics,55,2,99
S45,Chemistry,74,3,87
S45,Biology,58,2,72
S45,English,72,4,90
S45,Computer,60,3,94
S46,Math,53,2,88
S46,Physics,51,1,71
S46,Chemistry,47,1,99
S46,Biology,42,1,72
S46,English,51,3,78
S46,Computer,43,2,75
S47,Math,73,4,78
S47,Physics,64,3,73
S47,Chemistry,57,2,75
S47,Biology,69,4,90
S47,English,59,4,75
S47,Computer,71,4,78
S48,Math,70,3,81
S48,Physics,63,2,83
S48,Chemistry,67,4,73
S48,Biology,75,3,72
S48,English,72,4,83
S48,Computer,71,2,97
S49,Math,54,3,87
S49,Physics,51,1,84
S49,Chemistry,43,2,82
S49,Biology,42,2,83
S49,English,41,2,98
S49,Computer,48,3,82
S50,Math,47,1,75
S50,Physics,45,2,75
S50,Chemistry,54,1,88
S50,Biology,47,3,80
S50,English,41,1,70
S50,Computer,55,2,98
S51,Math,47,3,95
S51,Physics,46,3,70
S51,Chemistry,54,3,74
S51,Biology,46,2,97
S51,English,52,3,85
S51,Computer,52,1,86
S52,Math,49,2,76
S52,Physics,46,2,91
S52,Chemistry,43,1,99
S52,Biology,55,2,92
S52,English,45,2,82
S52,Computer,44,3,83
S53,Math,51,3,70
S53,Physics,51,1,89
S53,Chemistry,42,3,81
S53,Biology,45,3,83
S53,English,50,3,92
S53,Computer,55,1,93
S54,Math,67,3,92
S54,Physics,57,3,99
S54,Chemistry,63,2,82
S54,Biology,61,2,84
S54,English,70,3,87
S54,Computer,65,3,72
S55,Math,68,4,77
S55,Physics,75,4,74
S55,Chemistry,65,2,70
S55,Biology,66,3,71
S55,English,72,4,89
S55,Computer,55,3,80
S56,Math,61,2,76
S56,Physics,67,3,96
S56,Chemistry,56,3,95
S56,Biology,63,2,99
S56,English,60,3,82
S56,Computer,65,4,92
S57,Math,42,2,73
S57,Physics,54,3,93
S57,Chemistry,50,1,93
S57,Biology,50,1,89
S57,English,42,1,99
S57,Computer,52,2,85
S58,Math,62,2,85
S58,Physics,71,2,93
S58,Chemistry,56,2,82
S58,Biology,58,3,87
S58,English,55,4,95
S58,Computer,70,3,82
S59,Math,43,1,84
S59,Physics,41,3,97
S59,Chemistry,51,2,74
S59,Biology,50,3,90
S59,English,52,3,90
S59,Computer,54,3,91
S60,Math,87,3,78
S60,Physics,82,5,81
S60,Chemistry,89,6,76
S60,Biology,83,4,92
S60,English,81,5,85
S60,Computer,77,3,78
S61,Math,52,2,80
S61,Physics,48,2,70
S61,Chemistry,52,3,88
S61,Biology,47,3,97
S61,English,48,3,85
S61,Computer,50,1,89
S62,Math,91,5,75
S62,Physics,87,5,71
S62,Chemistry,95,5,78
S62,Biology,83,6,79
S62,English,87,5,100
S62,Computer,80,6,96
S63,Math,46,2,96
S63,Physics,52,2,74
S63,Chemistry,53,2,75
S63,Biology,43,3,93
S63,English,50,2,94
S63,Computer,42,1,86
S64,Math,57,2,81
S64,Physics,57,4,73
S64,Chemistry,64,3,72
S64,Biology,56,3,84
S64,English,58,3,74
S64,Computer,73,3,71
S65,Math,47,3,76
S65,Physics,49,3,86
S65,Chemistry,41,1,77
S65,Biology,55,2,81
S65,English,46,2,77
S65,Computer,51,2,85
S66,Math,57,3,92
S66,Physics,58,2,84
S66,Chemistry,63,4,76
S66,Biology,64,4,84
S66,English,67,2,86
S66,Computer,73,3,82
S67,Math,84,3,80
S67,Physics,79,5,75
S67,Chemistry,80,3,100
S67,Biology,86,6,73
S67,English,80,6,100
S67,Computer,85,6,77
S68,Math,77,4,76
S68,Physics,84,4,78
S68,Chemistry,86,6,93
S68,Biology,86,4,89
S68,English,76,4,85
S68,Computer,83,6,95
S69,Math,88,5,97
S69,Physics,80,6,84
S69,Chemistry,84,4,75
S69,Biology,95,6,92
S69,English,88,3,82
S69,Computer,87,4,80
S70,Math,95,6,100
S70,Physics,88,4,88
S70,Chemistry,84,3,70
S70,Biology,94,6,73
S70,English,93,5,99
S70,Computer,83,5,87
S71,Math,52,3,93
S71,Physics,47,2,89
S71,Chemistry,52,1,94
S71,Biology,46,2,73
S71,English,44,2,89
S71,Computer,55,2,99
S72,Math,75,3,77
S72,Physics,64,4,100
S72,Chemistry,56,2,89
S72,Biology,57,4,87
S72,English,55,2,99
S72,Computer,62,4,81
S73,Math,47,3,73
S73,Physics,51,1,85
S73,Chemistry,53,2,78
S73,Biology,53,1,86
S73,English,49,3,96
S73,Computer,43,3,80
S74,Math,48,1,73
S74,Physics,46,1,81
S74,Chemistry,48,3,96
S74,Biology,41,2,85
S74,English,42,1,80
S74,Computer,50,1,71
S75,Math,75,5,73
S75,Physics,78,6,78
S75,Chemistry,85,5,81
S75,Biology,95,6,97
S75,English,79,5,79
S75,Computer,80,6,84
S76,Math,85,5,71
S76,Physics,88,5,91
S76,Chemistry,95,6,86
S76,Biology,95,3,77
S76,English,78,5,98
S76,Computer,79,3,81
S77,Math,73,2,96
S77,Physics,72,2,98
S77,Chemistry,59,4,78
S77,Biology,57,2,86
S77,English,74,4,76
S77,Computer,59,2,99
S78,Math,79,5,100
S78,Physics,85,6,92
S78,Chemistry,77,5,80
S78,Biology,76,4,99
S78,English,95,4,99
S78,Computer,83,6,89
S79,Math,62,2,89
S79,Physics,67,2,81
S79,Chemistry,66,4,84
S79,Biology,59,2,98
S79,English,67,2,77
S79,Computer,62,2,81
S80,Math,40,3,72
S80,Physics,55,3,89
S80,Chemistry,45,3,98
S80,Biology,45,1,73
S80,English,49,1,86
S80,Computer,49,3,88
S81,Math,68,2,71
S81,Physics,60,2,81
S81,Chemistry,74,4,75
S81,Biology,63,3,79
S81,English,69,2,80
S81,Computer,55,4,70
S82,Math,81,3,70
S82,Physics,77,5,99
S82,Chemistry,83,3,75
S82,Biology,88,5,86
S82,English,78,5,74
S82,Computer,83,6,100
S83,Math,84,5,84
S83,Physics,77,6,73
S83,Chemistry,81,6,72
S83,Biology,75,6,74
S83,English,78,6,83
S83,Computer,76,4,75
S84,Math,54,2,78
S84,Physics,41,2,78
S84,Chemistry,43,2,88
S84,Biology,45,2,99
S84,English,47,3,78
S84,Computer,41,3,84
S85,Math,64,2,70
S85,Physics,65,2,90
S85,Chemistry,60,4,95
S85,Biology,67,4,76
S85,English,56,2,82
S85,Computer,70,3,82
S86,Math,79,5,98
S86,Physics,77,4,72
S86,Chemistry,80,3,75
S86,Biology,93,4,87
S86,English,83,5,89
S86,Computer,83,3,91
S87,Math,50,1,89
S87,Physics,48,1,99
S87,Chemistry,45,1,92
S87,Biology,40,3,92
S87,English,41,3,83
S87,Computer,50,3,86
S88,Math,57,2,74
S88,Physics,56,2,79
S88,Chemistry,59,3,71
S88,Biology,58,4,80
S88,English,59,4,75
S88,Computer,63,4,80
S89,Math,42,2,79
S89,Physics,54,2,80
S89,Chemistry,40,3,98
S89,Biology,42,1,93
S89,English,50,3,79
S89,Computer,44,3,96
S90,Math,54,2,93
S90,Physics,52,3,72
S90,Chemistry,55,1,90
S90,Biology,52,1,74
S90,English,55,2,85
S90,Computer,46,3,85
S91,Math,60,2,100
S91,Physics,61,4,96
S91,Chemistry,72,4,96
S91,Biology,67,3,77
S91,English,68,2,83
S91,Computer,75,2,84
S92,Math,43,2,71
S92,Physics,41,3,80
S92,Chemistry,49,3,93
S92,Biology,54,1,93
S92,English,51,2,80
S92,Computer,54,1,97
S93,Math,41,3,83
S93,Physics,41,2,85
S93,Chemistry,52,2,100
S93,Biology,44,1,74
S93,English,41,3,74
S93,Computer,51,2,83
S94,Math,50,3,70
S94,Physics,46,2,85
S94,Chemistry,52,2,72
S94,Biology,43,3,95
S94,English,45,2,93
S94,Computer,49,1,86
S95,Math,68,4,87
S95,Physics,74,2,71
S95,Chemistry,64,4,94
S95,Biology,62,3,92
S95,English,75,2,71
S95,Computer,66,3,83
S96,Math,54,3,96
S96,Physics,52,1,98
S96,Chemistry,54,3,71
S96,Biology,55,3,100
S96,English,44,3,71
S96,Computer,44,2,95
S97,Math,94,4,76
S97,Physics,82,6,75
S97,Chemistry,80,6,81
S97,Biology,85,3,76
S97,English,91,3,71
S97,Computer,89,4,90
S98,Math,63,3,74
S98,Physics,67,2,90
S98,Chemistry,75,2,91
S98,Biology,66,3,89
S98,English,56,3,75
S98,Computer,61,4,74
S99,Math,83,5,86
S99,Physics,75,6,79
S99,Chemistry,90,4,81
S99,Biology,82,3,89
S99,English,90,5,85
S99,Computer,81,5,71
S100,Math,71,2,70
S100,Physics,64,4,80
S100,Chemistry,73,4,96
S100,Biology,69,4,90
S100,English,73,3,87
S100,Computer,63,4,96
S101,Math,73,3,79
S101,Physics,63,3,72
S101,Chemistry,56,4,90
S101,Biology,69,4,100
S101,English,56,3,76
S101,Computer,59,2,79
S102,Math,40,2,87
S102,Physics,55,2,92
S102,Chemistry,45,2,96
S102,Biology,47,2,81
S102,English,45,2,94
S102,Computer,46,1,71
S103,Math,40,2,71
S103,Physics,44,1,70
S103,Chemistry,41,2,70
S103,Biology,53,2,85
S103,English,46,3,80
S103,Computer,41,3,77
S104,Math,75,3,91
S104,Physics,82,3,73
S104,Chemistry,86,4,93
S104,Biology,87,5,95
S104,English,86,4,92
S104,Computer,93,3,87
S105,Math,52,2,99
S105,Physics,47,2,89
S105,Chemistry,48,1,72
S105,Biology,43,1,86
S105,English,43,2,96
S105,Computer,52,1,92
S106,Math,87,6,100
S106,Physics,82,5,76
S106,Chemistry,78,5,76
S106,Biology,76,3,79
S106,English,81,6,100
S106,Computer,83,4,97
S107,Math,86,4,96
S107,Physics,83,3,98
S107,Chemistry,84,5,96
S107,Biology,88,5,98
S107,English,76,3,74
S107,Computer,92,6,88
S108,Math,51,1,93
S108,Physics,42,3,84
S108,Chemistry,43,1,84
S108,Biology,54,1,81
S108,English,55,1,77
S108,Computer,55,2,70
S109,Math,44,2,77
S109,Physics,55,2,94
S109,Chemistry,54,3,71
S109,Biology,53,1,90
S109,English,43,2,70
S109,Computer,51,1,84
S110,Math,71,2,100
S110,Physics,58,3,90
S110,Chemistry,70,4,89
S110,Biology,60,4,84
S110,English,73,3,84
S110,Computer,65,4,86
S111,Math,60,3,86
S111,Physics,64,2,80
S111,Chemistry,57,4,74
S111,Biology,74,2,85
S111,English,69,4,90
S111,Computer,73,4,92
S112,Math,75,4,71
S112,Physics,55,4,89
S112,Chemistry,56,2,96
S112,Biology,73,3,89
S112,English,58,3,71
S112,Computer,55,3,71
S113,Math,47,3,71
S113,Physics,54,3,88
S113,Chemistry,43,1,93
S113,Biology,49,1,84
S113,English,51,3,88
S113,Computer,45,1,77
S114,Math,89,3,94
S114,Physics,77,6,79
S114,Chemistry,75,4,73
S114,Biology,85,3,93
S114,English,87,6,92
S114,Computer,82,3,76
S115,Math,88,3,81
S115,Physics,93,3,96
S115,Chemistry,89,4,85
S115,Biology,78,6,73
S115,English,83,6,86
S115,Computer,80,3,100
S116,Math,42,1,93
S116,Physics,46,1,83
S116,Chemistry,44,3,79
S116,Biology,49,3,95
S116,English,49,3,72
S116,Computer,53,2,73
S117,Math,89,4,92
S117,Physics,83,4,87
S117,Chemistry,95,6,100
S117,Biology,89,4,79
S117,English,76,4,82
S117,Computer,91,6,71
S118,Math,91,5,91
S118,Physics,75,4,70
S118,Chemistry,84,3,93
S118,Biology,90,3,84
S118,English,83,5,90
S118,Computer,92,6,82
S119,Math,46,3,84
S119,Physics,48,2,96
S119,Chemistry,53,2,80
S119,Biology,48,3,77
S119,English,42,1,73
S119,Computer,44,3,74
S120,Math,94,3,91
S120,Physics,78,3,95
S120,Chemistry,76,3,88
S120,Biology,92,5,77
S120,English,76,3,79
S120,Computer,95,4,76
S121,Math,87,6,99
S121,Physics,91,4,96
S121,Chemistry,81,5,86
S121,Biology,84,4,75
S121,English,95,3,88
S121,Computer,78,4,75
S122,Math,42,3,94
S122,Physics,47,3,93
S122,Chemistry,52,1,92
S122,Biology,42,3,70
S122,English,53,1,77
S122,Computer,45,1,90
S123,Math,86,3,98
S123,Physics,76,5,70
S123,Chemistry,86,5,93
S123,Biology,94,6,74
S123,English,87,6,81
S123,Computer,93,5,99
S124,Math,94,3,77
S124,Physics,84,4,85
S124,Chemistry,82,6,80
S124,Biology,78,6,84
S124,English,92,6,90
S124,Computer,88,5,84
S125,Math,54,1,77
S125,Physics,44,3,70
S125,Chemistry,55,3,78
S125,Biology,41,1,88
S125,English,51,1,96
S125,Computer,46,3,88
S126,Math,81,5,80
S126,Physics,80,6,92
S126,Chemistry,94,5,85
S126,Biology,80,5,87
S126,English,90,6,76
S126,Computer,92,6,82
S127,Math,59,4,74
S127,Physics,57,2,87
S127,Chemistry,59,2,99
S127,Biology,63,4,99
S127,English,67,2,82
S127,Computer,71,3,70
S128,Math,51,2,89
S128,Physics,52,1,90
S128,Chemistry,55,3,96
S128,Biology,50,1,79
S128,English,48,2,73
S128,Computer,42,3,84
S129,Math,93,4,79
S129,Physics,91,4,79
S129,Chemistry,87,5,78
S129,Biology,83,4,90
S129,English,83,4,100
S129,Computer,89,4,93
S130,Math,53,2,86
S130,Physics,52,2,87
S130,Chemistry,42,1,73
S130,Biology,41,2,98
S130,English,52,2,80
S130,Computer,54,3,97
S131,Math,74,4,72
S131,Physics,74,2,97
S131,Chemistry,63,2,96
S131,Biology,74,3,81
S131,English,55,4,78
S131,Computer,58,2,80
S132,Math,69,2,78
S132,Physics,56,2,84
S132,Chemistry,63,2,77
S132,Biology,55,4,95
S132,English,69,3,79
S132,Computer,75,3,81
S133,Math,48,3,97
S133,Physics,40,3,92
S133,Chemistry,42,2,96
S133,Biology,46,3,87
S133,English,40,2,75
S133,Computer,50,3,83
S134,Math,68,3,96
S134,Physics,61,3,100
S134,Chemistry,57,3,82
S134,Biology,72,2,73
S134,English,62,3,98
S134,Computer,73,2,99
S135,Math,83,5,82
S135,Physics,90,5,77
S135,Chemistry,84,3,86
S135,Biology,91,4,84
S135,English,75,6,81
S135,Computer,91,6,86
S136,Math,63,4,78
S136,Physics,59,3,81
S136,Chemistry,67,3,80
S136,Biology,72,3,82
S136,English,70,4,70
S136,Computer,65,3,93
S137,Math,45,1,87
S137,Physics,42,3,77
S137,Chemistry,52,1,82
S137,Biology,55,1,73
S137,English,44,3,73
S137,Computer,42,3,83
S138,Math,62,2,82
S138,Physics,74,2,86
S138,Chemistry,62,3,87
S138,Biology,71,2,70
S138,English,66,2,100
S138,Computer,72,2,79
S139,Math,84,5,72
S139,Physics,76,4,70
S139,Chemistry,80,5,86
S139,Biology,93,3,95
S139,English,82,5,70
S139,Computer,84,5,84
S140,Math,86,5,83
S140,Physics,88,4,96
S140,Chemistry,94,3,88
S140,Biology,79,5,96
S140,English,81,4,79
S140,Computer,76,4,75
S141,Math,44,1,94
S141,Physics,52,1,88
S141,Chemistry,55,2,79
S141,Biology,42,2,74
S141,English,47,3,100
S141,Computer,43,2,79
S142,Math,58,4,72
S142,Physics,58,4,89
S142,Chemistry,57,4,70
S142,Biology,59,4,79
S142,English,55,2,71
S142,Computer,68,3,77
S143,Math,57,4,77
S143,Physics,72,3,87
S143,Chemistry,70,2,70
S143,Biology,63,2,71
S143,English,58,2,98
S143,Computer,72,2,99
S144,Math,88,6,75
S144,Physics,93,6,71
S144,Chemistry,93,4,73
S144,Biology,83,6,98
S144,English,82,4,79
S144,Computer,91,4,77
S145,Math,66,4,99
S145,Physics,66,2,77
S145,Chemistry,60,3,76
S145,Biology,62,3,100
S145,English,60,3,77
S145,Computer,63,4,70
S146,Math,45,1,75
S146,Physics,49,2,81
S146,Chemistry,43,2,94
S146,Biology,52,3,80
S146,English,49,2,96
S146,Computer,46,1,84
S147,Math,44,2,78
S147,Physics,52,2,97
S147,Chemistry,55,1,77
S147,Biology,44,3,86
S147,English,53,2,70
S147,Computer,46,3,90
S148,Math,41,2,85
S148,Physics,49,2,73
S148,Chemistry,55,2,71
S148,Biology,41,1,77
S148,English,52,2,77
S148,Computer,48,2,86
S149,Math,65,4,88
S149,Physics,57,4,90
S149,Chemistry,55,3,97
S149,Biology,72,4,97
S149,English,65,3,81
S149,Computer,64,4,84
S150,Math,48,2,100
S150,Physics,41,1,76
S150,Chemistry,46,3,78
S150,Biology,46,1,72
S150,English,54,1,85
S150,Computer,43,1,94
S151,Math,92,3,73
S151,Physics,75,3,81
S151,Chemistry,88,6,100
S151,Biology,75,4,70
S151,English,85,3,98
S151,Computer,87,6,80
S152,Math,59,2,81
S152,Physics,58,4,72
S152,Chemistry,71,3,95
S152,Biology,57,2,73
S152,English,70,4,84
S152,Computer,58,2,82
S153,Math,44,1,78
S153,Physics,52,3,95
S153,Chemistry,40,1,73
S153,Biology,48,2,94
S153,English,46,3,81
S153,Computer,48,3,82
S154,Math,75,5,92
S154,Physics,84,6,89
S154,Chemistry,79,4,90
S154,Biology,94,4,91
S154,English,93,6,73
S154,Computer,85,3,70
S155,Math,50,3,99
S155,Physics,54,1,100
S155,Chemistry,40,2,91
S155,Biology,45,2,81
S155,English,50,3,95
S155,Computer,41,2,83
S156,Math,90,5,95
S156,Physics,92,5,72
S156,Chemistry,93,6,93
S156,Biology,77,3,78
S156,English,76,5,100
S156,Computer,76,4,94
S157,Math,85,4,70
S157,Physics,94,5,71
S157,Chemistry,84,6,94
S157,Biology,95,5,74
S157,English,85,5,82
S157,Computer,90,5,83
S158,Math,43,1,92
S158,Physics,53,1,78
S158,Chemistry,53,3,87
S158,Biology,43,1,89
S158,English,55,1,99
S158,Computer,54,3,75
S159,Math,55,4,97
S159,Physics,64,3,92
S159,Chemistry,67,2,78
S159,Biology,69,2,92
S159,English,69,4,84
S159,Computer,58,4,84
S160,Math,88,6,88
S160,Physics,86,3,76
S160,Chemistry,88,5,79
S160,Biology,92,5,71
S160,English,91,4,94
S160,Computer,81,4,83
S161,Math,76,3,75
S161,Physics,80,5,76
S161,Chemistry,80,6,95
S161,Biology,78,5,77
S161,English,82,4,96
S161,Computer,86,5,76
S162,Math,57,3,93
S162,Physics,58,3,76
S162,Chemistry,73,2,93
S162,Biology,69,4,86
S162,English,62,2,94
S162,Computer,67,4,82
S163,Math,66,2,76
S163,Physics,68,4,97
S163,Chemistry,71,2,92
S163,Biology,70,3,85
S163,English,71,4,78
S163,Computer,68,2,82
S164,Math,61,2,98
S164,Physics,74,4,98
S164,Chemistry,55,2,92
S164,Biology,60,3,86
S164,English,58,2,73
S164,Computer,58,2,76
S165,Math,46,2,77
S165,Physics,55,1,85
S165,Chemistry,43,2,99
S165,Biology,53,3,81
S165,English,42,1,79
S165,Computer,45,2,100
S166,Math,57,3,82
S166,Physics,70,2,90
S166,Chemistry,59,3,72
S166,Biology,59,3,74
S166,English,56,2,78
S166,Computer,69,2,72
S167,Math,92,5,79
S167,Physics,89,5,97
S167,Chemistry,80,3,92
S167,Biology,79,3,96
S167,English,76,4,71
S167,Computer,93,6,86
S168,Math,90,3,74
S168,Physics,76,5,80
S168,Chemistry,88,5,83
S168,Biology,79,4,87
S168,English,76,6,79
S168,Computer,94,5,98
S169,Math,54,2,73
S169,Physics,45,3,70
S169,Chemistry,47,2,89
S169,Biology,49,2,86
S169,English,40,2,100
S169,Computer,43,3,88
S170,Math,70,4,92
S170,Physics,56,4,87
S170,Chemistry,60,2,83
S170,Biology,58,3,86
S170,English,75,4,74
S170,Computer,70,3,87
S171,Math,95,5,91
S171,Physics,87,3,72
S171,Chemistry,88,6,74
S171,Biology,91,3,77
S171,English,86,3,84
S171,Computer,93,4,93
S172,Math,62,4,81
S172,Physics,74,3,91
S172,Chemistry,59,2,71
S172,Biology,64,4,99
S172,English,58,3,97
S172,Computer,75,2,100
S173,Math,80,4,87
S173,Physics,78,4,94
S173,Chemistry,89,3,91
S173,Biology,91,4,86
S173,English,84,6,80
S173,Computer,78,4,81
S174,Math,71,3,90
S174,Physics,74,2,72
S174,Chemistry,61,3,99
S174,Biology,72,2,98
S174,English,74,2,90
S174,Computer,58,4,97
S175,Math,71,2,86
S175,Physics,58,2,75
S175,Chemistry,69,2,96
S175,Biology,70,2,75
S175,English,73,4,83
S175,Computer,68,4,84
S176,Math,87,3,99
S176,Physics,83,5,96
S176,Chemistry,84,6,76
S176,Biology,86,4,84
S176,English,78,4,88
S176,Computer,75,3,88
S177,Math,63,3,82
S177,Physics,63,4,70
S177,Chemistry,63,4,77
S177,Biology,55,3,81
S177,English,71,2,73
S177,Computer,57,3,85
S178,Math,87,4,99
S178,Physics,82,4,82
S178,Chemistry,95,4,75
S178,Biology,84,5,94
S178,English,95,4,93
S178,Computer,84,6,71
S179,Math,41,3,70
S179,Physics,53,3,99
S179,Chemistry,53,2,100
S179,Biology,54,2,70
S179,English,41,3,75
S179,Computer,46,1,81
S180,Math,52,1,84
S180,Physics,50,1,84
S180,Chemistry,42,3,85
S180,Biology,49,3,79
S180,English,40,3,70
S180,Computer,47,2,90
S181,Math,54,1,96
S181,Physics,44,3,89
S181,Chemistry,55,1,70
S181,Biology,46,1,95
S181,English,41,3,95
S181,Computer,43,1,87
S182,Math,86,6,91
S182,Physics,77,5,75
S182,Chemistry,88,3,97
S182,Biology,93,4,86
S182,English,82,3,86
S182,Computer,88,5,87
S183,Math,49,3,89
S183,Physics,44,2,98
S183,Chemistry,51,1,82
S183,Biology,53,1,99
S183,English,51,1,80
S183,Computer,51,1,98
S184,Math,81,6,71
S184,Physics,81,6,94
S184,Chemistry,91,3,92
S184,Biology,94,6,84
S184,English,89,6,90
S184,Computer,76,3,76
S185,Math,85,6,94
S185,Physics,88,3,98
S185,Chemistry,92,5,90
S185,Biology,87,3,95
S185,English,85,5,78
S185,Computer,91,5,73
S186,Math,65,4,96
S186,Physics,64,2,95
S186,Chemistry,57,2,90
S186,Biology,61,4,86
S186,English,67,2,74
S186,Computer,55,3,99
S187,Math,83,5,94
S187,Physics,83,3,96
S187,Chemistry,75,3,90
S187,Biology,84,3,81
S187,English,80,5,75
S187,Computer,75,3,85
S188,Math,82,5,82
S188,Physics,94,3,83
S188,Chemistry,80,5,83
S188,Biology,84,4,70
S188,English,80,4,80
S188,Computer,80,6,72
S189,Math,48,3,90
S189,Physics,51,2,78
S189,Chemistry,51,2,89
S189,Biology,40,1,74
S189,English,54,1,82
S189,Computer,48,3,83
S190,Math,63,3,94
S190,Physics,68,3,72
S190,Chemistry,68,3,87
S190,Biology,69,2,92
S190,English,61,4,87
S190,Computer,57,2,83
S191,Math,70,4,85
S191,Physics,73,3,70
S191,Chemistry,70,2,85
S191,Biology,73,3,78
S191,English,64,2,82
S191,Computer,64,3,80
S192,Math,60,4,86
S192,Physics,70,3,76
S192,Chemistry,73,4,95
S192,Biology,69,4,88
S192,English,66,3,75
S192,Computer,61,3,79
S193,Math,45,3,72
S193,Physics,51,1,82
S193,Chemistry,41,2,77
S193,Biology,53,2,81
S193,English,46,1,95
S193,Computer,55,3,70
S194,Math,70,4,72
S194,Physics,59,3,92
S194,Chemistry,60,3,87
S194,Biology,59,4,70
S194,English,57,4,72
S194,Computer,55,4,72
S195,Math,66,2,71
S195,Physics,69,2,91
S195,Chemistry,69,4,77
S195,Biology,57,3,85
S195,English,65,3,88
S195,Computer,56,3,98
S196,Math,88,4,83
S196,Physics,89,6,80
S196,Chemistry,84,5,80
S196,Biology,85,3,75
S196,English,86,6,72
S196,Computer,77,4,79
S197,Math,93,6,72
S197,Physics,82,4,90
S197,Chemistry,83,5,80
S197,Biology,82,5,82
S197,English,95,6,90
S197,Computer,88,3,72
S198,Math,55,4,83
S198,Physics,69,4,97
S198,Chemistry,56,4,98
S198,Biology,70,3,92
S198,English,61,2,92
S198,Computer,56,3,86
S199,Math,40,2,91
S199,Physics,45,3,89
S199,Chemistry,45,3,72
S199,Biology,55,1,84
S199,English,41,1,77
S199,Computer,40,2,100
S200,Math,93,4,71
S200,Physics,94,4,79
S200,Chemistry,82,5,98
S200,Biology,87,5,79
S200,English,84,5,96
S200,Computer,82,6,92
S201,Math,40,1,84
S201,Physics,44,1,94
S201,Chemistry,46,1,75
S201,Biology,43,2,95
S201,English,46,1,90
S201,Computer,41,3,97
S202,Math,75,3,75
S202,Physics,93,5,76
S202,Chemistry,77,5,94
S202,Biology,81,3,96
S202,English,90,3,84
S202,Computer,95,5,77
S203,Math,75,6,75
S203,Physics,80,5,89
S203,Chemistry,83,4,95
S203,Biology,84,3,100
S203,English,77,4,93
S203,Computer,85,5,88
S204,Math,78,3,73
S204,Physics,93,6,79
S204,Chemistry,83,6,84
S204,Biology,86,5,88
S204,English,78,5,75
S204,Computer,76,5,84
S205,Math,68,2,96
S205,Physics,66,2,87
S205,Chemistry,73,3,80
S205,Biology,63,3,82
S205,English,61,4,80
S205,Computer,69,3,70
S206,Math,60,4,72
S206,Physics,72,4,71
S206,Chemistry,55,3,85
S206,Biology,68,3,83
S206,English,73,3,94
S206,Computer,74,4,86
S207,Math,87,4,73
S207,Physics,87,3,89
S207,Chemistry,77,6,80
S207,Biology,94,3,84
S207,English,83,5,73
S207,Computer,94,3,95
S208,Math,45,3,82
S208,Physics,44,3,88
S208,Chemistry,50,2,94
S208,Biology,45,2,71
S208,English,51,1,97
S208,Computer,55,1,94
S209,Math,64,4,79
S209,Physics,64,4,75
S209,Chemistry,61,4,77
S209,Biology,64,4,79
S209,English,57,3,75
S209,Computer,66,4,73
S210,Math,45,3,74
S210,Physics,48,1,90
S210,Chemistry,51,2,87
S210,Biology,42,1,100
S210,English,43,1,72
S210,Computer,47,1,92
S211,Math,62,4,99
S211,Physics,60,4,80
S211,Chemistry,70,4,76
S211,Biology,62,3,74
S211,English,68,4,82
S211,Computer,69,4,93
S212,Math,93,4,74
S212,Physics,90,6,79
S212,Chemistry,76,4,81
S212,Biology,87,6,84
S212,English,87,3,80
S212,Computer,80,6,72
S213,Math,45,3,70
S213,Physics,47,2,95
S213,Chemistry,46,2,84
S213,Biology,46,1,99
S213,English,48,3,81
S213,Computer,49,1,100
S214,Math,91,6,94
S214,Physics,75,5,71
S214,Chemistry,76,4,82
S214,Biology,85,5,73
S214,English,83,3,72
S214,Computer,88,3,86
S215,Math,45,1,73
S215,Physics,42,1,83
S215,Chemistry,50,3,72
S215,Biology,55,1,92
S215,English,41,1,72
S215,Computer,47,3,76
S216,Math,62,2,81
S216,Physics,75,3,75
S216,Chemistry,59,4,74
S216,Biology,69,2,73
S216,English,61,4,89
S216,Computer,66,2,72
S217,Math,64,3,87
S217,Physics,69,4,91
S217,Chemistry,56,3,96
S217,Biology,73,2,74
S217,English,74,3,92
S217,Computer,62,3,73
S218,Math,81,5,71
S218,Physics,80,6,76
S218,Chemistry,81,6,93
S218,Biology,76,3,83
S218,English,75,4,82
S218,Computer,86,4,96
S219,Math,84,3,71
S219,Physics,92,4,81
S219,Chemistry,95,3,96
S219,Biology,85,4,90
S219,English,82,3,93
S219,Computer,78,6,86
S220,Math,93,3,91
S220,Physics,92,4,94
S220,Chemistry,90,4,81
S220,Biology,93,6,82
S220,English,77,6,71
S220,Computer,87,3,70
S221,Math,89,4,92
S221,Physics,78,3,90
S221,Chemistry,79,3,90
S221,Biology,87,5,96
S221,English,77,6,76
S221,Computer,93,5,94
S222,Math,85,6,98
S222,Physics,80,6,78
S222,Chemistry,75,5,78
S222,Biology,92,5,87
S222,English,84,6,83
S222,Computer,84,3,72
S223,Math,72,2,84
S223,Physics,55,3,96
S223,Chemistry,68,3,78
S223,Biology,57,3,76
S223,English,70,3,95
S223,Computer,59,3,82
S224,Math,93,6,97
S224,Physics,91,5,80
S224,Chemistry,95,3,97
S224,Biology,78,6,70
S224,English,77,4,100
S224,Computer,84,5,89
S225,Math,50,1,77
S225,Physics,42,3,93
S225,Chemistry,51,1,94
S225,Biology,42,1,84
S225,English,50,2,84
S225,Computer,48,3,72
S226,Math,72,4,99
S226,Physics,72,4,94
S226,Chemistry,58,2,100
S226,Biology,67,2,80
S226,English,55,3,71
S226,Computer,75,3,77
S227,Math,50,1,71
S227,Physics,43,3,74
S227,Chemistry,51,2,83
S227,Biology,42,1,73
S227,English,40,1,78
S227,Computer,48,2,85
S228,Math,47,2,71
S228,Physics,40,2,81
S228,Chemistry,41,2,76
S228,Biology,51,2,98
S228,English,53,3,76
S228,Computer,43,1,86
S229,Math,64,2,88
S229,Physics,58,4,87
S229,Chemistry,75,2,72
S229,Biology,62,3,87
S229,English,55,2,96
S229,Computer,68,3,88
S230,Math,66,3,88
S230,Physics,57,3,85
S230,Chemistry,60,2,82
S230,Biology,67,3,100
S230,English,65,4,95
S230,Computer,58,3,90
S231,Math,87,6,72
S231,Physics,86,5,97
S231,Chemistry,75,4,73
S231,Biology,95,3,81
S231,English,84,3,83
S231,Computer,91,4,80
S232,Math,89,6,93
S232,Physics,84,4,78
S232,Chemistry,81,5,98
S232,Biology,81,6,79
S232,English,82,3,96
S232,Computer,93,5,77
S233,Math,42,2,95
S233,Physics,46,3,97
S233,Chemistry,40,2,72
S233,Biology,45,1,87
S233,English,40,3,76
S233,Computer,44,3,81
S234,Math,93,6,87
S234,Physics,76,4,74
S234,Chemistry,75,3,90
S234,Biology,93,4,77
S234,English,79,6,94
S234,Computer,76,6,90
S235,Math,89,3,70
S235,Physics,75,4,77
S235,Chemistry,91,5,92
S235,Biology,86,6,78
S235,English,75,6,95
S235,Computer,84,4,82
S236,Math,45,3,94
S236,Physics,48,3,71
S236,Chemistry,43,1,94
S236,Biology,47,1,85
S236,English,47,2,100
S236,Computer,50,1,76
S237,Math,79,5,86
S237,Physics,87,5,99
S237,Chemistry,85,3,96
S237,Biology,81,4,82
S237,English,85,6,95
S237,Computer,83,3,79
S238,Math,76,6,85
S238,Physics,78,6,75
S238,Chemistry,95,4,77
S238,Biology,92,6,71
S238,English,81,3,74
S238,Computer,91,6,95
S239,Math,78,5,76
S239,Physics,95,3,70
S239,Chemistry,82,4,89
S239,Biology,95,4,89
S239,English,86,5,88
S239,Computer,87,4,78
S240,Math,43,3,95
S240,Physics,55,3,90
S240,Chemistry,47,1,74
S240,Biology,43,2,75
S240,English,50,2,88
S240,Computer,41,3,77
S241,Math,44,2,72
S241,Physics,46,3,87
S241,Chemistry,52,2,83
S241,Biology,46,3,73
S241,English,41,3,95
S241,Computer,46,2,87
S242,Math,77,5,78
S242,Physics,91,4,74
S242,Chemistry,79,5,77
S242,Biology,93,3,93
S242,English,89,3,73
S242,Computer,78,3,83
S243,Math,88,4,76
S243,Physics,92,6,100
S243,Chemistry,95,6,99
S243,Biology,86,3,70
S243,English,85,6,95
S243,Computer,81,5,81
S244,Math,76,5,88
S244,Physics,90,6,88
S244,Chemistry,79,5,95
S244,Biology,95,3,84
S244,English,86,6,84
S244,Computer,92,4,74
S245,Math,51,3,84
S245,Physics,45,2,90
S245,Chemistry,51,1,88
S245,Biology,54,2,80
S245,English,49,3,98
S245,Computer,45,1,77
S246,Math,51,3,75
S246,Physics,47,2,73
S246,Chemistry,45,1,87
S246,Biology,47,2,87
S246,English,48,1,84
S246,Computer,55,3,98
S247,Math,71,3,82
S247,Physics,73,2,86
S247,Chemistry,55,2,81
S247,Biology,64,4,89
S247,English,69,4,91
S247,Computer,56,4,71
S248,Math,52,2,86
S248,Physics,51,1,78
S248,Chemistry,55,1,91
S248,Biology,54,1,79
S248,English,49,1,74
S248,Computer,46,3,95
S249,Math,76,6,85
S249,Physics,91,6,76
S249,Chemistry,83,5,72
S249,Biology,83,4,94
S249,English,92,4,87
S249,Computer,85,3,85
S250,Math,95,5,84
S250,Physics,78,5,86
S250,Chemistry,79,3,97
S250,Biology,77,3,92
S250,English,87,6,87
S250,Computer,93,5,100
S251,Math,58,3,84
S251,Physics,63,4,70
S251,Chemistry,61,3,74
S251,Biology,56,4,70
S251,English,62,3,88
S251,Computer,58,2,85
S252,Math,74,2,74
S252,Physics,72,4,78
S252,Chemistry,74,4,93
S252,Biology,62,3,77
S252,English,67,3,78
S252,Computer,60,4,78
S253,Math,46,2,97
S253,Physics,50,1,70
S253,Chemistry,48,2,100
S253,Biology,52,2,89
S253,English,47,1,80
S253,Computer,45,3,85
S254,Math,45,1,83
S254,Physics,49,2,86
S254,Chemistry,52,3,81
S254,Biology,41,2,72
S254,English,48,3,85
S254,Computer,55,2,78
S255,Math,84,3,78
S255,Physics,94,4,70
S255,Chemistry,82,5,77
S255,Biology,92,5,93
S255,English,78,3,72
S255,Computer,93,6,98
S256,Math,76,6,88
S256,Physics,78,5,70
S256,Chemistry,88,5,85
S256,Biology,82,5,86
S256,English,89,6,100
S256,Computer,83,5,89
S257,Math,48,3,79
S257,Physics,54,3,84
S257,Chemistry,55,1,92
S257,Biology,51,3,92
S257,English,43,3,90
S257,Computer,50,2,96
S258,Math,55,3,92
S258,Physics,64,2,76
S258,Chemistry,60,3,85
S258,Biology,70,2,73
S258,English,67,3,74
S258,Computer,55,3,74
S259,Math,53,3,98
S259,Physics,53,1,75
S259,Chemistry,54,2,86
S259,Biology,52,3,75
S259,English,45,1,87
S259,Computer,50,1,74
S260,Math,86,5,70
S260,Physics,80,5,90
S260,Chemistry,94,5,89
S260,Biology,93,4,83
S260,English,90,5,97
S260,Computer,93,6,84
S261,Math,52,1,76
S261,Physics,50,3,80
S261,Chemistry,43,2,71
S261,Biology,43,1,84
S261,English,48,1,99
S261,Computer,49,3,75
S262,Math,82,3,95
S262,Physics,85,3,87
S262,Chemistry,77,5,99
S262,Biology,92,5,80
S262,English,91,5,91
S262,Computer,85,4,79
S263,Math,73,2,91
S263,Physics,69,3,73
S263,Chemistry,57,3,96
S263,Biology,63,2,84
S263,English,74,4,80
S263,Computer,62,4,86
S264,Math,74,3,86
S264,Physics,57,3,97
S264,Chemistry,74,3,82
S264,Biology,57,4,94
S264,English,75,4,73
S264,Computer,59,2,72
S265,Math,84,6,89
S265,Physics,94,5,84
S265,Chemistry,92,5,99
S265,Biology,89,4,89
S265,English,92,5,72
S265,Computer,79,3,75
S266,Math,48,1,87
S266,Physics,50,3,84
S266,Chemistry,53,3,71
S266,Biology,55,1,91
S266,English,45,1,76
S266,Computer,42,2,76
S267,Math,54,3,74
S267,Physics,47,1,80
S267,Chemistry,47,2,78
S267,Biology,44,1,99
S267,English,43,3,81
S267,Computer,43,1,96
S268,Math,79,4,85
S268,Physics,75,3,72
S268,Chemistry,91,4,96
S268,Biology,75,6,100
S268,English,80,3,75
S268,Computer,83,6,71
S269,Math,62,4,77
S269,Physics,61,3,91
S269,Chemistry,61,4,92
S269,Biology,74,4,73
S269,English,63,4,72
S269,Computer,59,3,73
S270,Math,65,2,76
S270,Physics,62,2,86
S270,Chemistry,72,3,87
S270,Biology,67,3,80
S270,English,72,2,82
S270,Computer,75,4,74
S271,Math,93,6,94
S271,Physics,95,4,76
S271,Chemistry,89,5,90
S271,Biology,85,5,78
S271,English,81,5,70
S271,Computer,76,5,72
S272,Math,69,4,92
S272,Physics,70,2,91
S272,Chemistry,64,2,78
S272,Biology,69,2,95
S272,English,63,3,88
S272,Computer,75,4,94
S273,Math,83,5,87
S273,Physics,87,6,99
S273,Chemistry,87,3,90
S273,Biology,78,6,77
S273,English,82,4,73
S273,Computer,83,3,93
S274,Math,75,4,90
S274,Physics,60,2,99
S274,Chemistry,64,4,98
S274,Biology,59,4,75
S274,English,66,4,97
S274,Computer,68,4,82
S275,Math,54,3,93
S275,Physics,53,3,80
S275,Chemistry,42,1,73
S275,Biology,45,2,70
S275,English,40,1,89
S275,Computer,54,3,79
S276,Math,82,6,87
S276,Physics,91,4,78
S276,Chemistry,83,4,83
S276,Biology,87,4,94
S276,English,94,3,75
S276,Computer,78,4,76
S277,Math,83,6,83
S277,Physics,83,5,100
S277,Chemistry,89,6,99
S277,Biology,86,4,100
S277,English,88,4,85
S277,Computer,81,4,78
S278,Math,91,6,71
S278,Physics,91,4,80
S278,Chemistry,95,6,96
S278,Biology,86,4,96
S278,English,91,6,94
S278,Computer,91,3,83
S279,Math,70,3,86
S279,Physics,75,4,90
S279,Chemistry,75,2,91
S279,Biology,71,2,87
S279,English,58,2,76
S279,Computer,74,3,98
S280,Math,67,3,78
S280,Physics,68,3,72
S280,Chemistry,68,2,96
S280,Biology,57,2,99
S280,English,63,4,97
S280,Computer,74,2,78
S281,Math,70,3,86
S281,Physics,55,3,77
S281,Chemistry,56,4,72
S281,Biology,64,3,79
S281,English,70,3,82
S281,Computer,65,4,100
S282,Math,86,3,83
S282,Physics,91,4,91
S282,Chemistry,89,4,80
S282,Biology,78,3,94
S282,English,90,6,100
S282,Computer,85,3,81
S283,Math,73,4,91
S283,Physics,61,4,90
S283,Chemistry,56,2,100
S283,Biology,74,2,79
S283,English,71,4,78
S283,Computer,73,3,80
S284,Math,90,6,87
S284,Physics,88,4,97
S284,Chemistry,84,5,70
S284,Biology,87,3,95
S284,English,76,5,84
S284,Computer,95,4,91
S285,Math,63,3,97
S285,Physics,57,2,78
S285,Chemistry,58,2,95
S285,Biology,67,3,94
S285,English,65,2,77
S285,Computer,71,3,83
S286,Math,45,1,93
S286,Physics,50,3,94
S286,Chemistry,52,2,83
S286,Biology,54,3,86
S286,English,47,1,81
S286,Computer,45,2,72
S287,Math,59,2,88
S287,Physics,59,3,75
S287,Chemistry,62,4,71
S287,Biology,64,3,99
S287,English,59,2,95
S287,Computer,70,3,88
S288,Math,73,4,94
S288,Physics,59,3,84
S288,Chemistry,58,4,77
S288,Biology,70,4,87
S288,English,73,4,84
S288,Computer,60,4,82
S289,Math,67,2,70
S289,Physics,74,4,99
S289,Chemistry,55,4,70
S289,Biology,74,4,79
S289,English,59,4,84
S289,Computer,66,3,90
S290,Math,58,4,77
S290,Physics,72,2,100
S290,Chemistry,62,2,88
S290,Biology,62,2,100
S290,English,62,4,88
S290,Computer,62,2,87
S291,Math,50,2,90
S291,Physics,40,1,97
S291,Chemistry,45,3,81
S291,Biology,45,1,96
S291,English,55,1,85
S291,Computer,42,3,89
S292,Math,46,1,70
S292,Physics,54,2,97
S292,Chemistry,48,1,72
S292,Biology,41,1,94
S292,English,51,1,91
S292,Computer,47,3,92
S293,Math,95,4,82
S293,Physics,93,3,98
S293,Chemistry,93,3,82
S293,Biology,78,6,91
S293,English,88,6,75
S293,Computer,84,4,77
S294,Math,70,3,70
S294,Physics,69,4,71
S294,Chemistry,65,4,100
S294,Biology,55,4,100
S294,English,55,4,99
S294,Computer,59,3,90
S295,Math,79,5,71
S295,Physics,81,5,76
S295,Chemistry,89,5,78
S295,Biology,76,4,84
S295,English,91,4,92
S295,Computer,76,4,96
S296,Math,75,4,88
S296,Physics,93,4,94
S296,Chemistry,80,4,73
S296,Biology,92,3,82
S296,English,75,4,91
S296,Computer,76,6,97
S297,Math,95,6,78
S297,Physics,82,4,72
S297,Chemistry,79,6,90
S297,Biology,79,4,100
S297,English,94,4,73
S297,Computer,80,6,100
S298,Math,42,3,73
S298,Physics,51,2,76
S298,Chemistry,53,1,81
S298,Biology,54,3,89
S298,English,40,2,88
S298,Computer,47,1,73
S299,Math,61,4,73
S299,Physics,74,3,81
S299,Chemistry,69,3,72
S299,Biology,68,3,75
S299,English,75,2,88
S299,Computer,72,2,72
S300,Math,80,3,95
S300,Physics,75,4,89
S300,Chemistry,80,5,74
S300,Biology,79,6,94
S300,English,87,3,72
S300,Computer,95,6,76
S301,Math,95,4,88
S301,Physics,81,5,87
S301,Chemistry,90,5,77
S301,Biology,80,5,81
S301,English,86,4,92
S301,Computer,83,5,91
S302,Math,45,2,90
S302,Physics,49,3,95
S302,Chemistry,41,2,81
S302,Biology,45,2,87
S302,English,50,3,75
S302,Computer,55,1,78
S303,Math,95,6,88
S303,Physics,77,5,83
S303,Chemistry,78,4,72
S303,Biology,90,3,77
S303,English,76,5,99
S303,Computer,92,6,73
S304,Math,59,3,100
S304,Physics,73,4,100
S304,Chemistry,55,2,96
S304,Biology,69,4,70
S304,English,73,2,85
S304,Computer,60,4,97
S305,Math,81,3,76
S305,Physics,84,3,78
S305,Chemistry,79,3,84
S305,Biology,77,5,74
S305,English,78,5,97
S305,Computer,80,6,96
S306,Math,45,2,83
S306,Physics,44,3,82
S306,Chemistry,53,1,89
S306,Biology,44,2,93
S306,English,54,3,72
S306,Computer,54,2,81
S307,Math,48,2,97
S307,Physics,55,2,70
S307,Chemistry,43,2,81
S307,Biology,52,1,91
S307,English,49,2,77
S307,Computer,55,3,92
S308,Math,48,2,87
S308,Physics,51,3,80
S308,Chemistry,51,1,93
S308,Biology,45,2,91
S308,English,52,2,94
S308,Computer,43,1,100
S309,Math,91,3,99
S309,Physics,81,3,99
S309,Chemistry,89,3,85
S309,Biology,76,3,71
S309,English,82,4,79
S309,Computer,79,6,99
S310,Math,61,4,93
S310,Physics,59,4,89
S310,Chemistry,58,2,94
S310,Biology,57,3,90
S310,English,72,2,100
S310,Computer,68,4,92
S311,Math,79,4,73
S311,Physics,90,5,81
S311,Chemistry,94,4,72
S311,Biology,81,4,100
S311,English,79,5,98
S311,Computer,81,6,70
S312,Math,91,6,100
S312,Physics,76,3,90
S312,Chemistry,93,3,97
S312,Biology,87,4,98
S312,English,82,6,88
S312,Computer,93,5,83
S313,Math,85,6,93
S313,Physics,86,3,82
S313,Chemistry,87,5,98
S313,Biology,75,3,93
S313,English,91,5,78
S313,Computer,85,3,70
S314,Math,65,4,84
S314,Physics,73,2,84
S314,Chemistry,59,4,74
S314,Biology,74,3,86
S314,English,75,2,75
S314,Computer,57,2,99
S315,Math,66,2,99
S315,Physics,66,3,86
S315,Chemistry,68,4,92
S315,Biology,67,4,94
S315,English,62,3,99
S315,Computer,75,2,96
S316,Math,67,4,96
S316,Physics,75,2,89
S316,Chemistry,55,4,86
S316,Biology,66,2,89
S316,English,61,2,92
S316,Computer,58,2,82
S317,Math,57,2,83
S317,Physics,65,3,99
S317,Chemistry,62,4,94
S317,Biology,64,4,82
S317,English,68,3,95
S317,Computer,63,3,72
S318,Math,76,5,88
S318,Physics,83,5,90
S318,Chemistry,88,4,99
S318,Biology,85,4,89
S318,English,92,3,95
S318,Computer,75,6,100
S319,Math,48,3,88
S319,Physics,54,1,94
S319,Chemistry,49,1,98
S319,Biology,48,3,81
S319,English,54,3,90
S319,Computer,48,1,94
S320,Math,66,3,74
S320,Physics,75,4,83
S320,Chemistry,64,4,89
S320,Biology,68,4,97
S320,English,70,4,86
S320,Computer,73,3,86
S321,Math,55,3,71
S321,Physics,67,4,97
S321,Chemistry,62,2,90
S321,Biology,73,2,84
S321,English,64,4,85
S321,Computer,75,2,87
S322,Math,56,4,86
S322,Physics,64,2,88
S322,Chemistry,72,2,85
S322,Biology,55,4,73
S322,English,71,2,84
S322,Computer,66,2,90
S323,Math,52,1,76
S323,Physics,48,3,95
S323,Chemistry,46,3,84
S323,Biology,55,3,88
S323,English,55,3,91
S323,Computer,40,2,99
S324,Math,78,4,99
S324,Physics,85,6,89
S324,Chemistry,75,6,73
S324,Biology,84,6,97
S324,English,86,5,95
S324,Computer,85,3,87
S325,Math,65,2,95
S325,Physics,57,3,87
S325,Chemistry,68,2,96
S325,Biology,72,3,82
S325,English,68,2,77
S325,Computer,61,2,100
S326,Math,80,4,90
S326,Physics,87,6,91
S326,Chemistry,94,4,99
S326,Biology,88,4,74
S326,English,78,4,89
S326,Computer,80,4,97
S327,Math,82,5,99
S327,Physics,85,4,88
S327,Chemistry,89,6,80
S327,Biology,80,4,84
S327,English,87,3,100
S327,Computer,75,3,94
S328,Math,60,4,84
S328,Physics,57,3,100
S328,Chemistry,73,2,95
S328,Biology,64,4,72
S328,English,62,2,71
S328,Computer,74,2,90
S329,Math,91,5,93
S329,Physics,87,4,86
S329,Chemistry,87,6,90
S329,Biology,91,3,97
S329,English,87,5,77
S329,Computer,78,6,84
S330,Math,53,2,90
S330,Physics,53,2,93
S330,Chemistry,53,3,75
S330,Biology,47,1,78
S330,English,47,2,73
S330,Computer,51,2,93
S331,Math,81,5,71
S331,Physics,88,3,74
S331,Chemistry,85,3,88
S331,Biology,83,3,87
S331,English,80,5,100
S331,Computer,83,3,90
S332,Math,51,2,70
S332,Physics,54,1,82
S332,Chemistry,55,1,99
S332,Biology,50,2,99
S332,English,41,1,88
S332,Computer,50,3,80
S333,Math,71,4,76
S333,Physics,75,3,74
S333,Chemistry,70,3,92
S333,Biology,55,4,79
S333,English,63,2,78
S333,Computer,59,3,76
S334,Math,74,3,85
S334,Physics,68,2,78
S334,Chemistry,66,4,85
S334,Biology,67,3,86
S334,English,64,3,82
S334,Computer,62,2,71
S335,Math,94,4,100
S335,Physics,85,3,83
S335,Chemistry,94,5,71
S335,Biology,79,4,97
S335,English,76,3,90
S335,Computer,90,4,70
S336,Math,62,4,81
S336,Physics,67,4,87
S336,Chemistry,55,3,84
S336,Biology,72,2,87
S336,English,66,3,91
S336,Computer,71,4,78
S337,Math,65,3,82
S337,Physics,58,2,82
S337,Chemistry,72,2,94
S337,Biology,65,3,98
S337,English,73,4,84
S337,Computer,60,3,82
S338,Math,87,5,91
S338,Physics,91,3,76
S338,Chemistry,87,4,87
S338,Biology,81,4,79
S338,English,83,3,95
S338,Computer,93,6,71
S339,Math,85,5,77
S339,Physics,95,5,83
S339,Chemistry,87,4,97
S339,Biology,89,4,70
S339,English,91,6,94
S339,Computer,84,5,70
S340,Math,54,2,80
S340,Physics,43,2,100
S340,Chemistry,44,1,78
S340,Biology,47,1,98
S340,English,45,2,74
S340,Computer,54,1,94
S341,Math,65,2,77
S341,Physics,69,4,85
S341,Chemistry,62,4,82
S341,Biology,55,4,96
S341,English,66,3,77
S341,Computer,69,4,84
S342,Math,94,3,77
S342,Physics,93,5,89
S342,Chemistry,86,6,100
S342,Biology,76,4,84
S342,English,83,6,83
S342,Computer,78,6,75
S343,Math,93,5,98
S343,Physics,75,4,79
S343,Chemistry,95,3,99
S343,Biology,81,6,98
S343,English,89,3,76
S343,Computer,75,6,91
S344,Math,91,6,79
S344,Physics,92,5,85
S344,Chemistry,87,6,82
S344,Biology,82,6,88
S344,English,89,4,89
S344,Computer,79,3,100
S345,Math,91,3,100
S345,Physics,78,6,72
S345,Chemistry,84,5,82
S345,Biology,92,4,81
S345,English,84,6,87
S345,Computer,90,4,75
S346,Math,49,2,73
S346,Physics,53,2,81
S346,Chemistry,55,2,91
S346,Biology,47,2,70
S346,English,45,1,76
S346,Computer,55,3,94
S347,Math,64,4,100
S347,Physics,69,2,95
S347,Chemistry,62,2,74
S347,Biology,70,4,78
S347,English,67,4,89
S347,Computer,71,4,88
S348,Math,57,4,86
S348,Physics,61,4,99
S348,Chemistry,56,3,87
S348,Biology,60,4,77
S348,English,67,4,88
S348,Computer,61,4,88
S349,Math,72,4,95
S349,Physics,75,3,76
S349,Chemistry,74,2,89
S349,Biology,70,3,78
S349,English,56,2,100
S349,Computer,61,3,88
S350,Math,54,2,86
S350,Physics,50,3,70
S350,Chemistry,47,1,94
S350,Biology,50,3,81
S350,English,50,1,97
S350,Computer,47,2,76
S351,Math,66,4,77
S351,Physics,68,2,71
S351,Chemistry,62,4,87
S351,Biology,65,4,98
S351,English,67,3,88
S351,Computer,75,2,71
S352,Math,56,3,88
S352,Physics,71,2,86
S352,Chemistry,66,4,98
S352,Biology,57,3,99
S352,English,60,4,96
S352,Computer,61,4,72
S353,Math,94,3,86
S353,Physics,80,6,88
S353,Chemistry,82,3,86
S353,Biology,87,3,86
S353,English,93,3,74
S353,Computer,80,5,97
S354,Math,50,2,84
S354,Physics,46,2,89
S354,Chemistry,50,3,99
S354,Biology,48,2,95
S354,English,40,3,92
S354,Computer,51,2,86
S355,Math,64,4,74
S355,Physics,70,3,81
S355,Chemistry,62,2,80
S355,Biology,72,3,82
S355,English,63,4,75
S355,Computer,64,2,93
S356,Math,49,2,90
S356,Physics,47,1,71
S356,Chemistry,45,2,80
S356,Biology,49,1,74
S356,English,47,3,90
S356,Computer,43,1,93
S357,Math,82,4,83
S357,Physics,81,4,75
S357,Chemistry,81,6,75
S357,Biology,86,4,73
S357,English,78,4,90
S357,Computer,94,4,97
S358,Math,72,4,76
S358,Physics,61,2,77
S358,Chemistry,62,3,84
S358,Biology,57,2,84
S358,English,73,2,71
S358,Computer,73,3,98
S359,Math,46,3,95
S359,Physics,52,3,92
S359,Chemistry,48,3,93
S359,Biology,54,3,94
S359,English,48,1,85
S359,Computer,41,2,74
S360,Math,52,1,76
S360,Physics,46,3,99
S360,Chemistry,41,3,89
S360,Biology,42,1,78
S360,English,52,1,100
S360,Computer,47,3,92
S361,Math,55,3,82
S361,Physics,75,2,89
S361,Chemistry,64,3,89
S361,Biology,68,4,78
S361,English,73,3,79
S361,Computer,73,3,84
S362,Math,49,2,80
S362,Physics,49,1,95
S362,Chemistry,45,3,72
S362,Biology,41,3,80
S362,English,47,2,77
S362,Computer,42,3,70
S363,Math,72,2,93
S363,Physics,69,4,78
S363,Chemistry,66,4,89
S363,Biology,55,2,77
S363,English,60,4,81
S363,Computer,60,3,98
S364,Math,88,3,86
S364,Physics,78,5,96
S364,Chemistry,78,4,90
S364,Biology,95,5,74
S364,English,91,3,81
S364,Computer,80,5,82
S365,Math,74,4,73
S365,Physics,61,4,87
S365,Chemistry,70,4,98
S365,Biology,60,2,98
S365,English,59,2,97
S365,Computer,74,2,75
S366,Math,50,2,76
S366,Physics,45,3,77
S366,Chemistry,40,3,83
S366,Biology,54,1,83
S366,English,55,2,90
S366,Computer,50,1,93
S367,Math,47,1,87
S367,Physics,49,1,90
S367,Chemistry,46,2,79
S367,Biology,48,3,75
S367,English,44,2,76
S367,Computer,55,1,82
S368,Math,87,5,88
S368,Physics,92,4,81
S368,Chemistry,93,4,83
S368,Biology,94,3,70
S368,English,84,6,89
S368,Computer,93,3,83
S369,Math,66,4,83
S369,Physics,72,4,72
S369,Chemistry,60,4,70
S369,Biology,74,2,70
S369,English,62,2,89
S369,Computer,56,2,90
S370,Math,71,4,86
S370,Physics,60,4,95
S370,Chemistry,74,3,100
S370,Biology,67,3,94
S370,English,67,2,78
S370,Computer,67,3,94
S371,Math,83,5,96
S371,Physics,88,5,79
S371,Chemistry,89,4,89
S371,Biology,86,6,73
S371,English,76,5,71
S371,Computer,75,6,75
S372,Math,86,5,95
S372,Physics,93,4,80
S372,Chemistry,95,6,100
S372,Biology,94,4,82
S372,English,77,5,82
S372,Computer,76,3,94
S373,Math,46,2,72
S373,Physics,42,1,77
S373,Chemistry,43,2,95
S373,Biology,51,1,82
S373,English,43,2,77
S373,Computer,50,3,94
S374,Math,87,3,77
S374,Physics,81,3,88
S374,Chemistry,83,5,74
S374,Biology,94,3,100
S374,English,80,6,88
S374,Computer,89,4,94
S375,Math,71,4,86
S375,Physics,74,3,95
S375,Chemistry,55,4,83
S375,Biology,59,4,82
S375,English,55,3,72
S375,Computer,61,3,71
S376,Math,90,3,86
S376,Physics,91,5,70
S376,Chemistry,80,3,74
S376,Biology,95,5,87
S376,English,89,3,94
S376,Computer,84,4,94
S377,Math,92,6,96
S377,Physics,84,4,79
S377,Chemistry,75,3,87
S377,Biology,93,4,78
S377,English,82,5,73
S377,Computer,93,6,84
S378,Math,76,5,74
S378,Physics,85,6,73
S378,Chemistry,94,4,96
S378,Biology,87,4,99
S378,English,78,3,96
S378,Computer,83,5,94
S379,Math,53,1,84
S379,Physics,43,2,95
S379,Chemistry,43,2,98
S379,Biology,42,1,81
S379,English,42,3,87
S379,Computer,42,2,92
S380,Math,41,3,86
S380,Physics,44,1,98
S380,Chemistry,54,1,89
S380,Biology,40,3,80
S380,English,49,1,76
S380,Computer,40,2,98
S381,Math,83,3,80
S381,Physics,80,5,74
S381,Chemistry,87,6,86
S381,Biology,84,4,70
S381,English,86,3,90
S381,Computer,75,5,92
S382,Math,41,2,97
S382,Physics,42,3,79
S382,Chemistry,54,2,78
S382,Biology,54,2,85
S382,English,55,2,86
S382,Computer,44,3,77
S383,Math,70,4,73
S383,Physics,57,2,78
S383,Chemistry,75,3,92
S383,Biology,74,3,96
S383,English,58,3,82
S383,Computer,74,4,98
S384,Math,53,2,94
S384,Physics,46,2,93
S384,Chemistry,49,1,73
S384,Biology,48,3,84
S384,English,42,1,78
S384,Computer,52,2,95
S385,Math,47,1,97
S385,Physics,46,1,95
S385,Chemistry,42,3,96
S385,Biology,48,3,84
S385,English,45,1,77
S385,Computer,42,2,91
S386,Math,62,3,76
S386,Physics,63,2,76
S386,Chemistry,55,2,81
S386,Biology,61,2,90
S386,English,56,2,87
S386,Computer,56,4,92
S387,Math,55,4,97
S387,Physics,75,2,96
S387,Chemistry,57,3,70
S387,Biology,62,3,80
S387,English,67,2,73
S387,Computer,65,3,96
S388,Math,83,4,79
S388,Physics,95,5,74
S388,Chemistry,87,6,73
S388,Biology,91,5,98
S388,English,92,6,93
S388,Computer,91,5,74
S389,Math,85,4,94
S389,Physics,83,5,72
S389,Chemistry,77,6,97
S389,Biology,91,4,80
S389,English,76,3,83
S389,Computer,85,5,71
S390,Math,83,5,92
S390,Physics,83,6,75
S390,Chemistry,82,3,86
S390,Biology,78,6,82
S390,English,81,5,86
S390,Computer,90,5,94
S391,Math,50,3,86
S391,Physics,48,3,100
S391,Chemistry,42,3,78
S391,Biology,55,2,97
S391,English,45,2,98
S391,Computer,54,1,79
S392,Math,80,3,73
S392,Physics,88,3,90
S392,Chemistry,89,5,93
S392,Biology,83,6,81
S392,English,75,6,96
S392,Computer,85,5,96
S393,Math,63,4,95
S393,Physics,71,4,86
S393,Chemistry,58,2,83
S393,Biology,72,2,76
S393,English,55,4,71
S393,Computer,70,2,85
S394,Math,77,6,88
S394,Physics,78,6,76
S394,Chemistry,93,6,78
S394,Biology,93,4,91
S394,English,77,6,96
S394,Computer,86,6,74
S395,Math,77,4,76
S395,Physics,89,4,71
S395,Chemistry,77,5,93
S395,Biology,83,3,90
S395,English,81,4,82
S395,Computer,83,3,86
S396,Math,71,4,73
S396,Physics,72,3,79
S396,Chemistry,60,3,97
S396,Biology,70,3,87
S396,English,58,4,70
S396,Computer,73,3,76
S397,Math,55,2,87
S397,Physics,43,2,90
S397,Chemistry,44,1,72
S397,Biology,41,3,71
S397,English,55,3,100
S397,Computer,43,2,95
S398,Math,54,2,84
S398,Physics,48,1,81
S398,Chemistry,40,3,82
S398,Biology,40,2,70
S398,English,40,2,70
S398,Computer,46,1,76
S399,Math,72,3,80
S399,Physics,70,2,73
S399,Chemistry,73,3,83
S399,Biology,69,4,70
S399,English,56,2,91
S399,Computer,65,2,78
S400,Math,81,6,94
S400,Physics,90,5,77
S400,Chemistry,79,4,82
S400,Biology,76,6,81
S400,English,90,4,93
S400,Computer,77,4,98
S401,Math,41,2,90
S401,Physics,50,2,91
S401,Chemistry,50,2,71
S401,Biology,44,3,84
S401,English,40,2,79
S401,Computer,44,1,87
S402,Math,43,2,80
S402,Physics,53,1,80
S402,Chemistry,48,3,100
S402,Biology,44,3,97
S402,English,47,2,78
S402,Computer,55,2,89
S403,Math,65,2,98
S403,Physics,55,3,82
S403,Chemistry,58,3,71
S403,Biology,64,4,100
S403,English,74,3,92
S403,Computer,65,2,92
S404,Math,89,3,79
S404,Physics,89,5,92
S404,Chemistry,94,3,72
S404,Biology,91,4,79
S404,English,81,3,89
S404,Computer,87,6,79
S405,Math,55,3,99
S405,Physics,44,1,100
S405,Chemistry,54,2,81
S405,Biology,41,2,81
S405,English,51,1,80
S405,Computer,42,2,74
S406,Math,66,2,84
S406,Physics,55,3,82
S406,Chemistry,56,2,74
S406,Biology,58,2,95
S406,English,73,4,86
S406,Computer,69,3,73
S407,Math,87,3,88
S407,Physics,82,6,83
S407,Chemistry,82,3,90
S407,Biology,89,3,70
S407,English,82,3,82
S407,Computer,80,5,95
S408,Math,95,6,77
S408,Physics,91,5,98
S408,Chemistry,86,3,76
S408,Biology,93,3,79
S408,English,91,6,91
S408,Computer,93,5,74
S409,Math,68,2,89
S409,Physics,66,2,73
S409,Chemistry,56,3,89
S409,Biology,63,3,76
S409,English,60,2,98
S409,Computer,74,3,84
S410,Math,47,2,87
S410,Physics,44,1,71
S410,Chemistry,46,1,90
S410,Biology,50,1,82
S410,English,48,2,98
S410,Computer,47,3,87
S411,Math,87,4,82
S411,Physics,85,6,82
S411,Chemistry,83,3,86
S411,Biology,85,3,77
S411,English,87,3,81
S411,Computer,89,3,90
S412,Math,60,3,75
S412,Physics,69,3,77
S412,Chemistry,72,2,90
S412,Biology,63,4,94
S412,English,55,2,98
S412,Computer,61,2,77
S413,Math,47,1,98
S413,Physics,49,3,82
S413,Chemistry,43,1,95
S413,Biology,42,1,100
S413,English,45,3,95
S413,Computer,41,2,95
S414,Math,51,3,73
S414,Physics,55,3,97
S414,Chemistry,51,3,75
S414,Biology,45,1,97
S414,English,48,1,75
S414,Computer,43,2,78
S415,Math,56,3,91
S415,Physics,69,2,90
S415,Chemistry,62,3,83
S415,Biology,75,4,87
S415,English,59,4,98
S415,Computer,64,4,97
S416,Math,49,3,90
S416,Physics,54,1,98
S416,Chemistry,45,3,73
S416,Biology,47,1,100
S416,English,41,2,94
S416,Computer,51,1,89
S417,Math,81,6,78
S417,Physics,89,6,91
S417,Chemistry,75,6,78
S417,Biology,84,4,91
S417,English,91,6,91
S417,Computer,82,5,96
S418,Math,93,5,76
S418,Physics,75,5,89
S418,Chemistry,84,5,92
S418,Biology,90,5,99
S418,English,85,6,99
S418,Computer,85,3,81
S419,Math,68,2,93
S419,Physics,55,4,85
S419,Chemistry,66,3,99
S419,Biology,71,3,86
S419,English,70,2,82
S419,Computer,62,2,70
S420,Math,51,1,100
S420,Physics,55,3,92
S420,Chemistry,48,2,82
S420,Biology,42,3,74
S420,English,54,2,99
S420,Computer,51,3,74
S421,Math,40,3,92
S421,Physics,51,1,79
S421,Chemistry,49,3,96
S421,Biology,53,3,72
S421,English,45,2,98
S421,Computer,43,3,73
S422,Math,93,4,73
S422,Physics,95,4,98
S422,Chemistry,78,3,75
S422,Biology,83,6,70
S422,English,77,4,91
S422,Computer,92,4,70
S423,Math,61,2,72
S423,Physics,74,2,84
S423,Chemistry,71,4,75
S423,Biology,66,4,73
S423,English,67,2,99
S423,Computer,71,2,86
S424,Math,46,1,86
S424,Physics,45,1,83
S424,Chemistry,44,1,91
S424,Biology,41,1,97
S424,English,45,3,78
S424,Computer,46,1,98
S425,Math,95,5,73
S425,Physics,87,4,92
S425,Chemistry,86,6,89
S425,Biology,90,5,97
S425,English,77,6,83
S425,Computer,78,5,75
S426,Math,47,2,84
S426,Physics,45,3,77
S426,Chemistry,51,2,89
S426,Biology,41,2,95
S426,English,45,1,73
S426,Computer,50,1,73
S427,Math,50,2,98
S427,Physics,45,1,96
S427,Chemistry,43,2,72
S427,Biology,40,2,84
S427,English,54,3,78
S427,Computer,49,1,93
S428,Math,65,2,94
S428,Physics,58,3,74
S428,Chemistry,63,4,77
S428,Biology,67,4,91
S428,English,59,3,100
S428,Computer,65,3,81
S429,Math,67,4,99
S429,Physics,64,3,86
S429,Chemistry,62,2,92
S429,Biology,55,4,72
S429,English,74,3,81
S429,Computer,57,2,100
S430,Math,49,3,74
S430,Physics,53,1,75
S430,Chemistry,49,1,70
S430,Biology,51,3,91
S430,English,50,2,71
S430,Computer,46,2,79
S431,Math,94,4,97
S431,Physics,75,4,82
S431,Chemistry,82,6,98
S431,Biology,79,6,80
S431,English,85,5,81
S431,Computer,89,5,72
S432,Math,47,1,70
S432,Physics,43,2,76
S432,Chemistry,50,3,92
S432,Biology,51,1,96
S432,English,45,1,72
S432,Computer,45,2,78
S433,Math,72,4,93
S433,Physics,75,4,97
S433,Chemistry,75,2,89
S433,Biology,70,4,98
S433,English,69,4,84
S433,Computer,60,4,79
S434,Math,69,4,97
S434,Physics,75,2,99
S434,Chemistry,65,4,78
S434,Biology,72,3,99
S434,English,62,2,90
S434,Computer,55,2,94
S435,Math,68,3,85
S435,Physics,73,2,95
S435,Chemistry,74,3,80
S435,Biology,62,3,80
S435,English,63,3,95
S435,Computer,69,3,90
S436,Math,59,4,88
S436,Physics,71,2,72
S436,Chemistry,71,3,79
S436,Biology,67,2,75
S436,English,69,2,86
S436,Computer,65,4,75
S437,Math,89,5,78
S437,Physics,93,3,80
S437,Chemistry,93,3,90
S437,Biology,78,3,97
S437,English,84,6,81
S437,Computer,88,6,77
S438,Math,77,4,94
S438,Physics,80,5,86
S438,Chemistry,75,3,99
S438,Biology,83,5,88
S438,English,87,6,83
S438,Computer,89,6,85
S439,Math,65,2,91
S439,Physics,75,2,97
S439,Chemistry,60,3,76
S439,Biology,56,2,80
S439,English,75,2,97
S439,Computer,55,4,95
S440,Math,52,2,78
S440,Physics,54,1,98
S440,Chemistry,54,2,92
S440,Biology,55,3,85
S440,English,40,2,72
S440,Computer,55,1,80
S441,Math,53,2,94
S441,Physics,47,3,83
S441,Chemistry,40,3,72
S441,Biology,49,3,86
S441,English,54,1,83
S441,Computer,44,2,94
S442,Math,41,3,80
S442,Physics,47,3,70
S442,Chemistry,55,3,70
S442,Biology,54,2,96
S442,English,47,2,95
S442,Computer,53,3,100
S443,Math,41,1,80
S443,Physics,49,3,71
S443,Chemistry,48,2,81
S443,Biology,45,3,73
S443,English,46,3,76
S443,Computer,54,2,94
S444,Math,41,2,80
S444,Physics,55,3,91
S444,Chemistry,46,1,82
S444,Biology,55,1,88
S444,English,47,2,70
S444,Computer,54,1,97
S445,Math,50,3,73
S445,Physics,44,3,91
S445,Chemistry,40,2,85
S445,Biology,47,1,80
S445,English,42,3,74
S445,Computer,43,1,90
S446,Math,86,6,70
S446,Physics,89,6,100
S446,Chemistry,86,6,75
S446,Biology,83,4,99
S446,English,93,6,85
S446,Computer,87,3,72
S447,Math,91,6,80
S447,Physics,91,6,95
S447,Chemistry,82,3,75
S447,Biology,78,4,88
S447,English,83,6,88
S447,Computer,90,6,85
S448,Math,48,3,77
S448,Physics,47,1,85
S448,Chemistry,53,3,90
S448,Biology,44,1,83
S448,English,41,1,77
S448,Computer,46,1,72
S449,Math,91,5,96
S449,Physics,95,4,80
S449,Chemistry,95,6,71
S449,Biology,93,3,76
S449,English,83,3,87
S449,Computer,95,6,92
S450,Math,58,2,95
S450,Physics,64,2,87
S450,Chemistry,73,2,96
S450,Biology,66,4,93
S450,English,61,3,75
S450,Computer,61,3,72
S451,Math,95,3,74
S451,Physics,90,4,76
S451,Chemistry,88,5,84
S451,Biology,92,6,98
S451,English,88,3,98
S451,Computer,83,6,99
S452,Math,44,2,79
S452,Physics,47,1,83
S452,Chemistry,49,3,80
S452,Biology,55,3,96
S452,English,50,2,93
S452,Computer,48,3,85
S453,Math,41,1,73
S453,Physics,51,1,96
S453,Chemistry,44,2,87
S453,Biology,49,3,83
S453,English,44,3,85
S453,Computer,55,2,74
S454,Math,76,4,100
S454,Physics,82,4,80
S454,Chemistry,80,3,83
S454,Biology,78,3,95
S454,English,94,5,87
S454,Computer,93,5,73
S455,Math,45,3,97
S455,Physics,50,3,98
S455,Chemistry,43,3,71
S455,Biology,50,2,92
S455,English,51,2,74
S455,Computer,53,3,93
S456,Math,45,2,88
S456,Physics,45,1,77
S456,Chemistry,51,1,71
S456,Biology,52,1,88
S456,English,40,3,70
S456,Computer,46,1,96
S457,Math,51,3,97
S457,Physics,47,1,93
S457,Chemistry,52,2,82
S457,Biology,51,3,71
S457,English,45,3,70
S457,Computer,45,2,96
S458,Math,55,2,77
S458,Physics,55,3,96
S458,Chemistry,40,1,90
S458,Biology,40,3,84
S458,English,49,1,74
S458,Computer,42,2,78
S459,Math,53,1,86
S459,Physics,52,1,77
S459,Chemistry,44,2,74
S459,Biology,52,1,74
S459,English,43,3,100
S459,Computer,49,3,75
S460,Math,45,3,82
S460,Physics,55,1,78
S460,Chemistry,48,3,99
S460,Biology,40,1,98
S460,English,51,3,93
S460,Computer,49,2,84
S461,Math,57,2,84
S461,Physics,63,3,90
S461,Chemistry,69,2,74
S461,Biology,55,2,97
S461,English,62,2,78
S461,Computer,65,3,86
S462,Math,86,6,82
S462,Physics,83,5,90
S462,Chemistry,92,4,73
S462,Biology,85,3,74
S462,English,80,6,75
S462,Computer,76,6,81
S463,Math,43,3,95
S463,Physics,47,2,87
S463,Chemistry,53,2,95
S463,Biology,41,1,87
S463,English,41,3,90
S463,Computer,47,2,86
S464,Math,60,3,70
S464,Physics,66,3,95
S464,Chemistry,72,2,72
S464,Biology,61,3,97
S464,English,70,4,82
S464,Computer,69,3,89
S465,Math,54,3,84
S465,Physics,46,1,77
S465,Chemistry,47,2,95
S465,Biology,55,3,90
S465,English,48,2,78
S465,Computer,40,2,91
S466,Math,77,4,75
S466,Physics,79,5,79
S466,Chemistry,87,3,87
S466,Biology,90,5,96
S466,English,83,3,79
S466,Computer,95,6,95
S467,Math,66,4,87
S467,Physics,62,2,79
S467,Chemistry,59,3,88
S467,Biology,65,4,71
S467,English,61,4,75
S467,Computer,74,3,84
S468,Math,94,6,76
S468,Physics,87,6,70
S468,Chemistry,95,4,98
S468,Biology,82,5,79
S468,English,75,5,85
S468,Computer,81,6,86
S469,Math,65,4,100
S469,Physics,66,2,95
S469,Chemistry,63,2,99
S469,Biology,59,4,80
S469,English,72,2,93
S469,Computer,74,4,95
S470,Math,82,6,82
S470,Physics,91,4,76
S470,Chemistry,95,4,79
S470,Biology,92,5,94
S470,English,75,5,82
S470,Computer,83,5,85
S471,Math,87,6,83
S471,Physics,90,5,100
S471,Chemistry,82,3,75
S471,Biology,86,6,83
S471,English,89,3,83
S471,Computer,87,3,70
S472,Math,56,2,77
S472,Physics,60,3,82
S472,Chemistry,57,3,81
S472,Biology,55,4,70
S472,English,72,3,72
S472,Computer,75,3,84
S473,Math,86,3,80
S473,Physics,80,3,80
S473,Chemistry,76,5,73
S473,Biology,93,6,95
S473,English,89,6,83
S473,Computer,85,4,87
S474,Math,81,6,88
S474,Physics,82,5,96
S474,Chemistry,91,4,97
S474,Biology,95,6,70
S474,English,84,5,99
S474,Computer,78,3,85
S475,Math,88,6,78
S475,Physics,83,4,80
S475,Chemistry,89,6,84
S475,Biology,93,4,75
S475,English,92,5,84
S475,Computer,75,6,77
S476,Math,56,2,90
S476,Physics,74,3,70
S476,Chemistry,57,2,72
S476,Biology,60,2,75
S476,English,61,4,77
S476,Computer,74,4,89
S477,Math,87,4,93
S477,Physics,80,6,98
S477,Chemistry,80,6,78
S477,Biology,87,4,72
S477,English,77,4,82
S477,Computer,87,6,79
S478,Math,63,3,72
S478,Physics,62,2,86
S478,Chemistry,66,2,97
S478,Biology,70,4,82
S478,English,75,2,98
S478,Computer,73,4,96
S479,Math,45,1,88
S479,Physics,53,3,74
S479,Chemistry,42,1,96
S479,Biology,44,2,81
S479,English,44,2,98
S479,Computer,45,2,79
S480,Math,92,3,70
S480,Physics,78,5,71
S480,Chemistry,91,4,92
S480,Biology,94,6,76
S480,English,92,4,83
S480,Computer,84,5,87
S481,Math,61,3,84
S481,Physics,74,4,90
S481,Chemistry,70,3,84
S481,Biology,70,4,81
S481,English,57,3,99
S481,Computer,56,4,73
S482,Math,71,4,71
S482,Physics,74,3,73
S482,Chemistry,72,2,95
S482,Biology,74,2,86
S482,English,55,2,91
S482,Computer,65,3,72
S483,Math,92,3,79
S483,Physics,84,6,86
S483,Chemistry,95,6,94
S483,Biology,88,4,71
S483,English,91,3,98
S483,Computer,81,6,85
S484,Math,93,3,90
S484,Physics,87,4,77
S484,Chemistry,91,6,70
S484,Biology,95,5,90
S484,English,88,6,82
S484,Computer,90,4,100
S485,Math,84,5,97
S485,Physics,85,6,92
S485,Chemistry,89,6,79
S485,Biology,80,6,99
S485,English,78,5,81
S485,Computer,89,6,79
S486,Math,84,5,70
S486,Physics,87,4,80
S486,Chemistry,82,4,87
S486,Biology,88,4,84
S486,English,83,3,77
S486,Computer,76,3,84
S487,Math,50,3,76
S487,Physics,55,1,71
S487,Chemistry,51,1,86
S487,Biology,54,1,80
S487,English,54,1,73
S487,Computer,55,3,77
S488,Math,63,2,92
S488,Physics,64,4,94
S488,Chemistry,64,4,99
S488,Biology,67,2,94
S488,English,65,3,75
S488,Computer,57,4,70
S489,Math,74,4,70
S489,Physics,69,2,98
S489,Chemistry,66,4,94
S489,Biology,55,2,76
S489,English,57,2,72
S489,Computer,70,2,99
S490,Math,68,4,70
S490,Physics,60,2,94
S490,Chemistry,75,2,97
S490,Biology,56,3,87
S490,English,64,2,79
S490,Computer,62,2,100
S491,Math,90,6,80
S491,Physics,90,3,76
S491,Chemistry,78,6,82
S491,Biology,79,5,70
S491,English,87,5,72
S491,Computer,89,3,81
S492,Math,48,3,80
S492,Physics,48,2,80
S492,Chemistry,41,2,99
S492,Biology,49,1,94
S492,English,43,1,76
S492,Computer,45,3,90
S493,Math,42,3,71
S493,Physics,40,1,93
S493,Chemistry,44,3,99
S493,Biology,49,2,97
S493,English,42,3,87
S493,Computer,52,3,91
S494,Math,76,6,97
S494,Physics,90,3,72
S494,Chemistry,82,4,72
S494,Biology,90,4,90
S494,English,92,5,99
S494,Computer,81,3,97
S495,Math,71,2,100
S495,Physics,69,4,72
S495,Chemistry,68,3,74
S495,Biology,69,3,74
S495,English,61,4,73
S495,Computer,68,4,91
S496,Math,49,2,83
S496,Physics,47,2,81
S496,Chemistry,49,2,76
S496,Biology,40,3,91
S496,English,55,1,74
S496,Computer,50,1,94
S497,Math,47,2,73
S497,Physics,55,1,74
S497,Chemistry,51,2,96
S497,Biology,43,3,89
S497,English,53,2,99
S497,Computer,40,1,88
S498,Math,72,2,75
S498,Physics,61,3,81
S498,Chemistry,55,3,86
S498,Biology,74,3,89
S498,English,55,4,87
S498,Computer,65,3,82
S499,Math,84,5,81
S499,Physics,94,6,81
S499,Chemistry,75,6,96
S499,Biology,87,5,85
S499,English,93,4,70
S499,Computer,90,3,82
S500,Math,42,1,83
S500,Physics,40,2,81
S500,Chemistry,40,3,74
S500,Biology,55,1,81
S500,English,55,3,99
S500,Computer,53,3,99
